student_id,content,wording
000000ffffff,-0.7895521521568298,-0.8624646067619324
111111eeeeee,-0.7820646166801453,-0.8419464826583862
222222cccccc,-0.79377681016922,-0.8546861410140991
333333dddddd,-0.8025093674659729,-0.8375180959701538
