student_id,content,wording
000000ffffff,-0.9542746543884277,-0.8263369202613831
111111eeeeee,-1.003406286239624,-0.8617933988571167
222222cccccc,-1.00832998752594,-0.8745555281639099
333333dddddd,-1.0078765153884888,-0.8748003840446472
