student_id,content,wording
000000ffffff,-0.23564766,-0.37110144
111111eeeeee,-0.17944126,-0.3832965
222222cccccc,-0.2221144,-0.39602685
333333dddddd,-0.17634167,-0.37170088
